distancia_m,archivo,fs_hz,pico_v,ancho_s,centroide_hz
0.0,000m_muestra_20260703_120505_001_start_1.npz,2929.0,3.5133991212933324,0.0027313076135199728,117.60918363386557
0.0,000m_muestras34metros_20260703_155153_001_start_1.npz,2929.0,3.4890804975293577,0.0027313076135199728,117.53983326544174
0.0,000m_muestras34metros_20260703_155153_002_start_2.npz,2929.0,3.4870396545156837,0.0030727210652099694,114.15488198038031
0.0,000m_muestras34metros_20260703_155153_003_start_3.npz,2929.0,3.468652946583461,0.0030727210652099694,114.48512936979296
0.0,000m_muestras34metros_20260703_155153_004_start_4.npz,2929.0,3.4835682045668364,0.0030727210652099694,113.13624279452961
0.0,000m_muestras34metros_20260703_155153_005_start_5.npz,2929.0,3.4836922630202025,0.0030727210652099694,113.2328669783878
0.0,000m_muestras34metros_20260703_155153_006_start_6.npz,2929.0,3.4841595265315846,0.0030727210652099694,113.54717690201207
0.0,000m_muestras34metros_20260703_155153_007_actual.npz,2929.0,3.484159466752317,0.0030727210652099694,113.54717687670852
10.0,010m_muestra10_20_20260708_201109_001_start_41.npz,1020.0,2.1090506429900415,0.0029411764705882353,105.32883002772196
10.0,010m_muestra10_20_20260708_201109_002_start_42.npz,1020.0,1.6911888413596898,0.00392156862745098,103.83627705801435
10.0,010m_muestra10_20_20260708_201109_003_start_43.npz,1020.0,1.5745544539531693,0.00392156862745098,96.39604902287829
10.0,010m_muestra10_20_20260708_201109_004_start_44.npz,1020.0,1.6641616680135485,0.0029411764705882353,100.36492640919302
10.0,010m_muestra10_20_20260708_201109_005_start_45.npz,1020.0,1.8494224424939603,0.00392156862745098,104.2598123602024
10.0,010m_muestra10_20_20260708_201109_006_start_46.npz,1020.0,2.0234489970607683,0.0029411764705882353,104.58777134970573
10.0,010m_muestra10_20_20260708_201109_008_start_48.npz,1020.0,1.8163490445585921,0.0029411764705882353,102.801518225943
10.0,010m_muestra10_20_20260708_201109_009_start_49.npz,1020.0,1.6043472749224748,0.0029411764705882353,96.42523000758538
10.0,010m_muestra10_20_20260708_201109_010_start_50.npz,1020.0,1.7647742686458514,0.0029411764705882353,103.79877215311014
10.0,010m_muestra10_20_20260708_201109_011_start_51.npz,1020.0,1.842536903306609,0.0029411764705882353,108.18801923136579
10.0,010m_muestra10_20_20260708_201109_012_start_52.npz,1020.0,1.7406081879598787,0.0029411764705882353,99.81949178550433
10.0,010m_muestra10_20_20260708_201109_013_start_53.npz,1020.0,1.8509482975350693,0.0029411764705882353,102.56674298677078
10.0,010m_muestra10_20_20260708_201109_014_start_54.npz,1020.0,1.9058227936038747,0.0029411764705882353,103.63118350194226
10.0,010m_muestra10_20_20260708_201109_015_start_55.npz,1020.0,1.7713928390294313,0.0029411764705882353,98.98883177351192
10.0,010m_muestra10_20_20260708_201109_016_start_56.npz,1020.0,1.9811248346231878,0.0029411764705882353,103.94117405475426
10.0,010m_muestra10_20_20260708_201109_017_start_57.npz,1020.0,1.9771575583145022,0.0029411764705882353,106.71281049040742
10.0,010m_muestra10_20_20260708_201109_018_start_58.npz,1020.0,2.1557235364598455,0.0029411764705882353,110.41162951364134
10.0,010m_muestra10_20_20260708_201109_019_start_59.npz,1020.0,1.7811203585588373,0.00392156862745098,106.14468623752971
10.0,010m_muestra10_20_20260708_201109_020_start_60.npz,1020.0,1.7685699330436364,0.0029411764705882353,97.99937110488571
10.0,010m_muestra10_20_20260708_201109_021_start_61.npz,1020.0,1.6536522140959278,0.00392156862745098,97.6504708398772
10.0,010m_muestra10_20_20260708_201109_022_actual.npz,1020.0,1.6536521911621094,0.00392156862745098,97.65047031182888
10.0,010m_muestras10_20260703_181003_001_start_21.npz,2929.0,3.496805262286216,0.004438374871969956,105.37784153774153
10.0,010m_muestras10_20260703_181003_002_start_22.npz,2929.0,3.4912928845733404,0.0064868555821099355,122.4650286331099
10.0,010m_muestras10_20260703_181003_003_start_23.npz,2929.0,3.4875545389950275,0.003414134516899966,108.21844273317296
10.0,010m_muestras10_20260703_181003_004_start_24.npz,2929.0,3.484788916539401,0.003414134516899966,108.2906301132191
10.0,010m_muestras10_20260703_181003_005_start_25.npz,2929.0,3.5397299863398075,0.012632297712529874,79.80733450837188
10.0,010m_muestras10_20260703_181003_006_start_26.npz,2929.0,3.5027178563177586,0.0037555479685899623,106.26832545493126
10.0,010m_muestras10_20260703_181003_007_start_27.npz,2929.0,3.4898433908820152,0.003414134516899966,111.85962209624756
10.0,010m_muestras10_20260703_181003_008_start_28.npz,2929.0,3.489032842684537,0.0037555479685899623,106.31805433106332
10.0,010m_muestras10_20260703_181003_009_start_29.npz,2929.0,3.491369230207056,0.004096961420279959,106.9281191095231
10.0,010m_muestras10_20260703_181003_010_start_30.npz,2929.0,3.4820995493791997,0.003414134516899966,108.60210233254489
10.0,010m_muestras10_20260703_181003_011_actual.npz,2929.0,3.4820995301706716,0.003414134516899966,108.60210375647887
12.0,012m_muestra12_20_20260708_195724_001_start_21.npz,1020.0,1.6920470617478713,0.0029411764705882353,93.05995586213994
12.0,012m_muestra12_20_20260708_195724_002_start_22.npz,1020.0,1.8198394227947574,0.0029411764705882353,101.6999470300766
12.0,012m_muestra12_20_20260708_195724_003_start_23.npz,1020.0,1.963062281078237,0.0029411764705882353,103.93607621016245
12.0,012m_muestra12_20_20260708_195724_004_start_24.npz,1020.0,1.95785520694335,0.0029411764705882353,103.98221109586348
12.0,012m_muestra12_20_20260708_195724_005_start_25.npz,1020.0,1.7021942094506812,0.0029411764705882353,98.30080648342705
12.0,012m_muestra12_20_20260708_195724_006_start_26.npz,1020.0,2.1173285607947037,0.0029411764705882353,105.10113629538064
12.0,012m_muestra12_20_20260708_195724_007_start_27.npz,1020.0,2.216796763736056,0.0029411764705882353,108.99950294322393
12.0,012m_muestra12_20_20260708_195724_008_start_28.npz,1020.0,1.863040902884677,0.00392156862745098,100.49580178421488
12.0,012m_muestra12_20_20260708_195724_009_start_29.npz,1020.0,2.054920161215705,0.0029411764705882353,105.40593155412105
12.0,012m_muestra12_20_20260708_195724_010_start_30.npz,1020.0,1.776275683339918,0.00392156862745098,98.88467199212474
12.0,012m_muestra12_20_20260708_195724_011_start_31.npz,1020.0,1.9965363034571055,0.0029411764705882353,104.68629062712787
12.0,012m_muestra12_20_20260708_195724_012_start_32.npz,1020.0,1.7633438648772426,0.0029411764705882353,100.72417791434084
12.0,012m_muestra12_20_20260708_195724_013_start_33.npz,1020.0,2.133502967248205,0.0029411764705882353,107.6306789778896
12.0,012m_muestra12_20_20260708_195724_014_start_34.npz,1020.0,1.4512824923731387,0.0029411764705882353,100.15380399460645
12.0,012m_muestra12_20_20260708_195724_015_start_35.npz,1020.0,1.4797591650858521,0.0029411764705882353,95.1224681571162
12.0,012m_muestra12_20_20260708_195724_016_start_36.npz,1020.0,1.5831757068663137,0.00392156862745098,96.92310083962425
12.0,012m_muestra12_20_20260708_195724_017_start_37.npz,1020.0,1.6561508699669503,0.00392156862745098,98.31586634774965
12.0,012m_muestra12_20_20260708_195724_018_start_38.npz,1020.0,1.7206954991343082,0.0029411764705882353,99.92913337907277
12.0,012m_muestra12_20_20260708_195724_019_start_39.npz,1020.0,1.8387413378077326,0.0029411764705882353,100.70047731536283
12.0,012m_muestra12_20_20260708_195724_020_start_40.npz,1020.0,2.18524938338669,0.0029411764705882353,109.0717215823348
12.0,012m_muestra12_20_20260708_195724_021_actual.npz,1020.0,2.1852493286132812,0.0029411764705882353,109.0717211447731
12.0,012m_muestras12_20260703_180222_001_start_11.npz,2929.0,3.4607373364269733,0.003414134516899966,108.10514080480115
12.0,012m_muestras12_20260703_180222_002_start_12.npz,2929.0,3.4635412162169814,0.004438374871969956,106.3100529502469
12.0,012m_muestras12_20260703_180222_003_start_13.npz,2929.0,3.4570943820290267,0.003414134516899966,108.71270886039535
12.0,012m_muestras12_20260703_180222_004_start_14.npz,2929.0,3.458362830337137,0.0037555479685899623,109.64870817958978
12.0,012m_muestras12_20260703_180222_005_start_15.npz,2929.0,3.4642849443480372,0.004438374871969956,106.1580027884025
12.0,012m_muestras12_20260703_180222_006_start_16.npz,2929.0,3.4617483876645565,0.0054626152270399455,118.15317713633674
12.0,012m_muestras12_20260703_180222_007_start_17.npz,2929.0,3.4466039803810418,0.003414134516899966,109.1324066492162
12.0,012m_muestras12_20260703_180222_008_start_18.npz,2929.0,3.464246795512736,0.004438374871969956,105.43775416609503
12.0,012m_muestras12_20260703_180222_009_start_19.npz,2929.0,3.452097065746784,0.003414134516899966,108.84764687924972
12.0,012m_muestras12_20260703_180222_010_start_20.npz,2929.0,3.460966309532523,0.004438374871969956,106.92404745348283
12.0,012m_muestras12_20260703_180222_011_actual.npz,2929.0,3.460966345795896,0.004438374871969956,106.92404495909645
14.0,014m_muestra14_20_20260708_194342_001_start_1.npz,1020.0,1.9935225848798837,0.0029411764705882353,105.29035922182675
14.0,014m_muestra14_20_20260708_194342_002_start_2.npz,1020.0,2.064018180633866,0.0029411764705882353,103.80484621619516
14.0,014m_muestra14_20_20260708_194342_003_start_3.npz,1020.0,1.6423034288163763,0.0029411764705882353,91.0519180202766
14.0,014m_muestra14_20_20260708_194342_004_start_4.npz,1020.0,1.9416617817478254,0.0029411764705882353,105.36121674881912
14.0,014m_muestra14_20_20260708_194342_005_start_5.npz,1020.0,1.9861793350428343,0.0029411764705882353,105.48910528889775
14.0,014m_muestra14_20_20260708_194342_006_start_6.npz,1020.0,1.7921066045528278,0.0029411764705882353,101.3511903037948
14.0,014m_muestra14_20_20260708_194342_007_start_7.npz,1020.0,1.9591903960244963,0.0029411764705882353,106.54045834286663
14.0,014m_muestra14_20_20260708_194342_008_start_8.npz,1020.0,2.023792254505679,0.0029411764705882353,105.29955326745909
14.0,014m_muestra14_20_20260708_194342_009_start_9.npz,1020.0,2.171564215197577,0.0029411764705882353,104.78808069669454
14.0,014m_muestra14_20_20260708_194342_010_start_10.npz,1020.0,1.7912483109394088,0.0029411764705882353,99.31751960497462
14.0,014m_muestra14_20_20260708_194342_011_start_11.npz,1020.0,1.9038391192734707,0.00392156862745098,101.45709054956899
14.0,014m_muestra14_20_20260708_194342_012_start_12.npz,1020.0,1.9779395748046227,0.0029411764705882353,103.34371099025248
14.0,014m_muestra14_20_20260708_194342_013_start_13.npz,1020.0,1.7859268736210652,0.0029411764705882353,101.08536862947247
14.0,014m_muestra14_20_20260708_194342_014_start_14.npz,1020.0,1.7450523817969952,0.00392156862745098,99.51165269993054
14.0,014m_muestra14_20_20260708_194342_015_start_15.npz,1020.0,1.8697547850752017,0.00392156862745098,102.95130290111203
14.0,014m_muestra14_20_20260708_194342_016_start_16.npz,1020.0,2.019443496068561,0.0029411764705882353,101.66715794107917
14.0,014m_muestra14_20_20260708_194342_017_start_17.npz,1020.0,1.910972581972601,0.0029411764705882353,101.2038497772871
14.0,014m_muestra14_20_20260708_194342_018_start_18.npz,1020.0,1.9169044759473763,0.0029411764705882353,103.02563130612927
14.0,014m_muestra14_20_20260708_194342_019_start_19.npz,1020.0,1.9000815797771793,0.0029411764705882353,101.1217419890013
14.0,014m_muestra14_20_20260708_194342_020_start_20.npz,1020.0,2.014179199701175,0.0029411764705882353,104.58376825412809
14.0,014m_muestra14_20_20260708_194342_021_actual.npz,1020.0,2.014179229736328,0.0029411764705882353,104.58376975371557
14.0,014m_muestras14_20260703_175321_001_start_1.npz,2929.0,3.452898261079099,0.003414134516899966,103.16252233003672
14.0,014m_muestras14_20260703_175321_002_start_2.npz,2929.0,3.4440291221253574,0.003414134516899966,108.52684671625741
14.0,014m_muestras14_20260703_175321_003_start_3.npz,2929.0,3.457304117269814,0.004438374871969956,104.06061639142095
14.0,014m_muestras14_20260703_175321_004_start_4.npz,2929.0,3.46087089413777,0.004096961420279959,105.1629682938335
14.0,014m_muestras14_20260703_175321_005_start_5.npz,2929.0,3.4489690894261003,0.0030727210652099694,108.45720641039688
14.0,014m_muestras14_20260703_175321_006_start_6.npz,2929.0,3.4628354655578732,0.003414134516899966,107.82073494328671
14.0,014m_muestras14_20260703_175321_007_start_7.npz,2929.0,3.4648191588930786,0.0030727210652099694,106.85184337728083
14.0,014m_muestras14_20260703_175321_008_start_8.npz,2929.0,3.4517538372892886,0.0030727210652099694,110.12341426288856
14.0,014m_muestras14_20260703_175321_009_start_9.npz,2929.0,3.460699198767543,0.003414134516899966,114.02739440966783
14.0,014m_muestras14_20260703_175321_010_start_10.npz,2929.0,3.461652932688594,0.004779788323659952,103.526463409624
14.0,014m_muestras14_20260703_175321_011_actual.npz,2929.0,3.4616529913037084,0.004779788323659952,103.52646204594954
16.0,016m_muestra16_20_20260708_193002_001_start_22.npz,1020.0,1.6927719283849,0.00392156862745098,97.71249138222066
16.0,016m_muestra16_20_20260708_193002_002_start_23.npz,1020.0,1.8188286119037116,0.0029411764705882353,97.87886932710198
16.0,016m_muestra16_20_20260708_193002_003_start_24.npz,1020.0,1.806068391277222,0.00392156862745098,96.80413650995948
16.0,016m_muestra16_20_20260708_193002_004_start_25.npz,1020.0,1.9093895046971738,0.0029411764705882353,103.68947701878533
16.0,016m_muestra16_20_20260708_193002_005_start_26.npz,1020.0,2.381229379439901,0.0029411764705882353,108.27749452560644
16.0,016m_muestra16_20_20260708_193002_006_start_27.npz,1020.0,1.9798659748630598,0.0029411764705882353,105.72387093143055
16.0,016m_muestra16_20_20260708_193002_007_start_28.npz,1020.0,1.8754959194775438,0.0029411764705882353,99.63095231256152
16.0,016m_muestra16_20_20260708_193002_008_start_29.npz,1020.0,1.9342804520274512,0.0029411764705882353,100.48916182152917
16.0,016m_muestra16_20_20260708_193002_009_start_30.npz,1020.0,1.8396091434406117,0.0029411764705882353,100.2225757813818
16.0,016m_muestra16_20_20260708_193002_010_start_31.npz,1020.0,1.9952201914275065,0.0029411764705882353,106.41647374856038
16.0,016m_muestra16_20_20260708_193002_011_start_32.npz,1020.0,1.7184257101180265,0.00392156862745098,91.26587311699309
16.0,016m_muestra16_20_20260708_193002_012_start_33.npz,1020.0,2.035827594343573,0.0029411764705882353,102.8528498583597
16.0,016m_muestra16_20_20260708_193002_013_start_34.npz,1020.0,2.05812448042343,0.0029411764705882353,101.32538388805699
16.0,016m_muestra16_20_20260708_193002_014_start_35.npz,1020.0,2.2232055805361597,0.0029411764705882353,109.59549847052867
16.0,016m_muestra16_20_20260708_193002_015_start_36.npz,1020.0,2.057399793935474,0.0029411764705882353,101.29882187592183
16.0,016m_muestra16_20_20260708_193002_016_start_37.npz,1020.0,1.931285833416041,0.0029411764705882353,101.52826074683712
16.0,016m_muestra16_20_20260708_193002_017_start_38.npz,1020.0,2.0732117105435464,0.0029411764705882353,103.38606677749156
16.0,016m_muestra16_20_20260708_193002_018_start_39.npz,1020.0,1.8949890322401188,0.0029411764705882353,104.29484235603786
16.0,016m_muestra16_20_20260708_193002_019_start_40.npz,1020.0,1.9209861340350471,0.0029411764705882353,102.8771066369564
16.0,016m_muestra16_20_20260708_193002_020_start_41.npz,1020.0,2.2340011967462488,0.0029411764705882353,105.22594144822882
16.0,016m_muestra16_20_20260708_193002_021_actual.npz,1020.0,2.2340011596679688,0.0029411764705882353,105.22594129026957
16.0,016m_muestra16metroslegit_20260703_174423_001_start_32.npz,2929.0,3.460622910410166,0.003414134516899966,109.34950089024673
16.0,016m_muestra16metroslegit_20260703_174423_002_start_33.npz,2929.0,3.4521352811716497,0.003414134516899966,109.6572222578521
16.0,016m_muestra16metroslegit_20260703_174423_003_start_34.npz,2929.0,3.459344916511327,0.003414134516899966,108.14026269436133
16.0,016m_muestra16metroslegit_20260703_174423_004_start_35.npz,2929.0,3.443399618146941,0.003414134516899966,109.27884103441572
16.0,016m_muestra16metroslegit_20260703_174423_005_start_36.npz,2929.0,3.4319745789980516,0.003414134516899966,109.69187286313296
16.0,016m_muestra16metroslegit_20260703_174423_006_start_37.npz,2929.0,3.4578096717596054,0.003414134516899966,108.56002218358081
16.0,016m_muestra16metroslegit_20260703_174423_007_start_38.npz,2929.0,3.446985540445894,0.003414134516899966,108.79172651439417
16.0,016m_muestra16metroslegit_20260703_174423_008_start_39.npz,2929.0,3.4572469601407647,0.003414134516899966,109.22518234085221
16.0,016m_muestra16metroslegit_20260703_174423_009_start_40.npz,2929.0,3.4353507184423506,0.0037555479685899623,106.91293662278433
18.0,018m_muestra18_20_20260708_191846_001_start_2.npz,1020.0,1.9176006317138672,0.0029411764705882353,102.37716067676547
18.0,018m_muestra18_20_20260708_191846_002_start_3.npz,1020.0,2.0075607299804688,0.0029411764705882353,102.69731921054536
18.0,018m_muestra18_20_20260708_191846_003_start_4.npz,1020.0,2.1317862334075244,0.0029411764705882353,105.46720153026547
18.0,018m_muestra18_20_20260708_191846_004_start_5.npz,1020.0,2.076892829820281,0.00392156862745098,104.25835598121189
18.0,018m_muestra18_20_20260708_191846_005_start_6.npz,1020.0,2.1908569795123185,0.0029411764705882353,107.01398870239925
18.0,018m_muestra18_20_20260708_191846_006_start_7.npz,1020.0,2.327613832334464,0.0029411764705882353,108.42819043410898
18.0,018m_muestra18_20_20260708_191846_007_start_8.npz,1020.0,2.3776435534091434,0.0029411764705882353,113.3587199086516
18.0,018m_muestra18_20_20260708_191846_008_start_9.npz,1020.0,2.3557664076506626,0.0029411764705882353,108.49553907561706
18.0,018m_muestra18_20_20260708_191846_009_start_10.npz,1020.0,1.7321204918262083,0.00392156862745098,94.41369079769207
18.0,018m_muestra18_20_20260708_191846_010_start_11.npz,1020.0,1.9096946133504389,0.0029411764705882353,100.91685153171154
18.0,018m_muestra18_20_20260708_191846_011_start_12.npz,1020.0,1.9028091333602788,0.0029411764705882353,102.7161808670933
18.0,018m_muestra18_20_20260708_191846_012_start_13.npz,1020.0,1.9841957330936566,0.0029411764705882353,105.40486621939898
18.0,018m_muestra18_20_20260708_191846_013_start_14.npz,1020.0,2.0023537423840025,0.0029411764705882353,101.7454629168648
18.0,018m_muestra18_20_20260708_191846_014_start_15.npz,1020.0,1.9881057156453608,0.0029411764705882353,110.592143978459
18.0,018m_muestra18_20_20260708_191846_015_start_16.npz,1020.0,2.00661651117116,0.0029411764705882353,104.21080184706653
18.0,018m_muestra18_20_20260708_191846_016_start_17.npz,1020.0,1.7930603345157579,0.00392156862745098,101.71237525149093
18.0,018m_muestra18_20_20260708_191846_017_start_18.npz,1020.0,1.729507442752947,0.00392156862745098,93.54570164655101
18.0,018m_muestra18_20_20260708_191846_018_start_19.npz,1020.0,2.0726586483142455,0.0029411764705882353,104.01978213797972
18.0,018m_muestra18_20_20260708_191846_019_start_20.npz,1020.0,2.0697784988951753,0.0029411764705882353,105.50915449491794
18.0,018m_muestra18_20_20260708_191846_020_start_21.npz,1020.0,2.128963357434259,0.0029411764705882353,103.84822129167262
18.0,018m_muestra18_20_20260708_191846_021_actual.npz,1020.0,2.1289634704589844,0.0029411764705882353,103.8482246012772
18.0,018m_muestra18metroslegit_20260703_173734_001_start_26.npz,2929.0,3.4685765937902033,0.003414134516899966,109.6599429220467
18.0,018m_muestra18metroslegit_20260703_173734_002_start_27.npz,2929.0,3.4733831663616,0.003414134516899966,106.64995419123231
18.0,018m_muestra18metroslegit_20260703_173734_003_start_28.npz,2929.0,3.476835378445685,0.004438374871969956,103.68857555507786
18.0,018m_muestra18metroslegit_20260703_173734_004_start_29.npz,2929.0,3.4787045707926154,0.0030727210652099694,109.41507405698583
18.0,018m_muestra18metroslegit_20260703_173734_005_start_30.npz,2929.0,3.4827290731482208,0.0037555479685899623,108.30577682355332
18.0,018m_muestra18metroslegit_20260703_173734_006_start_31.npz,2929.0,3.479162286501378,0.003414134516899966,109.4250788461117
18.0,018m_muestra18metroslegit_20260703_173734_007_actual.npz,2929.0,3.479162213334348,0.003414134516899966,109.42508112635089
20.0,020m_muestra18metrosCapaz_20260703_173133_001_start_17.npz,2929.0,3.4573424169793725,0.0037555479685899623,108.19222225743879
20.0,020m_muestra18metrosCapaz_20260703_173133_002_start_18.npz,2929.0,3.4591732854023576,0.003414134516899966,110.07140674723193
20.0,020m_muestra18metrosCapaz_20260703_173133_003_start_19.npz,2929.0,3.455835480708629,0.003414134516899966,109.74461833281792
20.0,020m_muestra18metrosCapaz_20260703_173133_004_start_20.npz,2929.0,3.4584866175428033,0.0030727210652099694,109.34018553918948
20.0,020m_muestra18metrosCapaz_20260703_173133_005_start_21.npz,2929.0,3.4565984434448183,0.0030727210652099694,109.46452300359789
20.0,020m_muestra18metrosCapaz_20260703_173133_006_start_22.npz,2929.0,3.4568272652104497,0.0037555479685899623,106.58010791100887
20.0,020m_muestra18metrosCapaz_20260703_173133_007_start_23.npz,2929.0,3.423038692038972,0.003414134516899966,109.99719696246918
20.0,020m_muestra18metrosCapaz_20260703_173133_008_start_24.npz,2929.0,3.4352267892099917,0.003414134516899966,109.9965738932346
20.0,020m_muestra18metrosCapaz_20260703_173133_009_start_25.npz,2929.0,3.4573041573166847,0.003414134516899966,108.26708814376548
20.0,020m_muestra18metrosCapaz_20260703_173133_010_actual.npz,2929.0,3.4536993474466726,0.0030727210652099694,109.70474590932243
20.0,020m_muestra18metroslegit_20260703_173734_001_start_26.npz,2929.0,3.4685765937902033,0.003414134516899966,109.6599429220467
20.0,020m_muestra20_14_20260708_190540_001_start_2.npz,1020.0,1.9472885131835938,0.0029411764705882353,102.73768171232793
20.0,020m_muestra20_14_20260708_190540_002_start_3.npz,1020.0,1.6337299346923828,0.0029411764705882353,99.53923154969802
20.0,020m_muestra20_14_20260708_190540_003_start_4.npz,1020.0,1.8955612182617188,0.0029411764705882353,96.68596851646616
20.0,020m_muestra20_14_20260708_190540_004_start_5.npz,1020.0,1.7833709716796875,0.0029411764705882353,93.96745694893627
20.0,020m_muestra20_14_20260708_190540_005_start_6.npz,1020.0,1.7348670959472656,0.00392156862745098,96.05345752955972
20.0,020m_muestra20_14_20260708_190540_006_start_7.npz,1020.0,2.005481719970703,0.0029411764705882353,98.54370805356238
20.0,020m_muestra20_14_20260708_190540_007_start_8.npz,1020.0,1.9944953918457031,0.0029411764705882353,106.37487544395246
20.0,020m_muestra20_14_20260708_190540_008_start_9.npz,1020.0,2.2377395294606686,0.00392156862745098,107.7478839311007
20.0,020m_muestra20_14_20260708_190540_009_start_10.npz,1020.0,2.3216630193928722,0.0029411764705882353,104.69510163946343
20.0,020m_muestra20_14_20260708_190540_010_start_11.npz,1020.0,1.8781089782714844,0.0029411764705882353,113.78521067574421
20.0,020m_muestra20_14_20260708_190540_011_start_12.npz,1020.0,1.7365836629178375,0.00392156862745098,94.42867651968082
20.0,020m_muestra20_14_20260708_190540_012_start_13.npz,1020.0,1.9620895041152835,0.0029411764705882353,106.33346034428972
20.0,020m_muestra20_14_20260708_190540_013_start_14.npz,1020.0,1.8773078759550117,0.0029411764705882353,100.85969629776598
20.0,020m_muestra20_14_20260708_190540_014_start_15.npz,1020.0,2.023620587802725,0.0029411764705882353,102.18439235273823
20.0,020m_muestra20_14_20260708_190540_015_actual.npz,1020.0,2.02362060546875,0.0029411764705882353,102.18439284737882
20.0,020m_muestra20_7_20260708_185700_001_start_22.npz,1020.0,1.7175292580213863,0.00392156862745098,99.02489881225881
20.0,020m_muestra20_7_20260708_185700_002_start_23.npz,1020.0,1.833190937381005,0.0029411764705882353,98.99964752319681
20.0,020m_muestra20_7_20260708_185700_003_start_24.npz,1020.0,1.7183494938653894,0.00392156862745098,91.65457626730208
20.0,020m_muestra20_7_20260708_185700_004_start_26.npz,1020.0,1.9278717420820612,0.0029411764705882353,99.72704402900865
20.0,020m_muestra20_7_20260708_185700_005_start_28.npz,1020.0,1.7664146953029558,0.0029411764705882353,101.05453591253307
20.0,020m_muestra20_7_20260708_185700_006_start_29.npz,1020.0,2.2139167450368404,0.0029411764705882353,106.27487177948744
20.0,020m_muestra20_7_20260708_185700_007_start_31.npz,1020.0,1.578159372904338,0.0029411764705882353,91.24298795837518
22.0,022m_muestra22_20_20260708_184913_001_start_1.npz,1020.0,2.024517059326172,0.0029411764705882353,103.77697583622772
22.0,022m_muestra22_20_20260708_184913_002_start_2.npz,1020.0,1.8546295166015625,0.0029411764705882353,101.88622957997751
22.0,022m_muestra22_20_20260708_184913_003_start_3.npz,1020.0,1.7798614501953125,0.0029411764705882353,100.07177286556389
22.0,022m_muestra22_20_20260708_184913_004_start_4.npz,1020.0,2.0542335510253906,0.0029411764705882353,106.20003174763283
22.0,022m_muestra22_20_20260708_184913_006_start_6.npz,1020.0,1.8597793579101562,0.0029411764705882353,100.03674436393035
22.0,022m_muestra22_20_20260708_184913_007_start_7.npz,1020.0,2.0412635803222656,0.0029411764705882353,99.23544803018872
22.0,022m_muestra22_20_20260708_184913_008_start_8.npz,1020.0,1.7108154296875,0.00392156862745098,98.56806701628409
22.0,022m_muestra22_20_20260708_184913_009_start_9.npz,1020.0,2.041149139404297,0.0029411764705882353,101.88099910681126
22.0,022m_muestra22_20_20260708_184913_010_start_10.npz,1020.0,1.4719772851094604,0.00392156862745098,96.02050534983634
22.0,022m_muestra22_20_20260708_184913_011_start_11.npz,1020.0,1.7621422405572957,0.0029411764705882353,97.75071600100019
22.0,022m_muestra22_20_20260708_184913_012_start_12.npz,1020.0,1.8160629343110486,0.00392156862745098,97.5435567283282
22.0,022m_muestra22_20_20260708_184913_013_start_13.npz,1020.0,2.2572898599828477,0.0029411764705882353,105.0024718176346
22.0,022m_muestra22_20_20260708_184913_014_start_14.npz,1020.0,1.9270897079404676,0.00392156862745098,97.61097481366106
22.0,022m_muestra22_20_20260708_184913_015_start_15.npz,1020.0,1.9996357105394367,0.0029411764705882353,103.1266434208517
22.0,022m_muestra22_20_20260708_184913_016_start_16.npz,1020.0,1.7381286877207458,0.0029411764705882353,101.30312970765422
22.0,022m_muestra22_20_20260708_184913_017_start_17.npz,1020.0,2.106132560307742,0.0029411764705882353,103.99836903975553
22.0,022m_muestra22_20_20260708_184913_018_start_19.npz,1020.0,2.2171973881777376,0.00392156862745098,105.88045929313894
22.0,022m_muestra22_20_20260708_184913_019_start_20.npz,1020.0,1.8703460578690283,0.0029411764705882353,101.65513155684837
22.0,022m_muestra22_20_20260708_184913_020_start_21.npz,1020.0,1.810302789148409,0.0029411764705882353,95.83172293861682
22.0,022m_muestra22_20_20260708_184913_021_actual.npz,1020.0,1.810302734375,0.0029411764705882353,95.83172174339053
22.0,022m_muestra22metros_20260703_172352_001_start_11.npz,2929.0,3.474823139142245,0.003414134516899966,109.80040222024465
22.0,022m_muestra22metros_20260703_172352_002_start_12.npz,2929.0,3.474403484724462,0.003414134516899966,109.8504009864302
22.0,022m_muestra22metros_20260703_172352_003_start_13.npz,2929.0,3.4760724045336246,0.0037555479685899623,106.58715458772775
22.0,022m_muestra22metros_20260703_172352_004_start_14.npz,2929.0,3.480211343616247,0.0037555479685899623,107.54611330732543
22.0,022m_muestra22metros_20260703_172352_005_start_15.npz,2929.0,3.473726333118975,0.003414134516899966,109.75593508606019
22.0,022m_muestra22metros_20260703_172352_006_start_16.npz,2929.0,3.4524785897228867,0.003414134516899966,109.34613282223215
22.0,022m_muestra22metros_20260703_172352_007_actual.npz,2929.0,3.4524786443798803,0.003414134516899966,109.34613088123315
24.0,024m_muestra24_20_20260708_182849_001_start_71.npz,1020.0,1.8406486405292526,0.0029411764705882353,95.75617524323233
24.0,024m_muestra24_20_20260708_182849_002_start_72.npz,1020.0,1.6113090496510267,0.0029411764705882353,94.97626833817978
24.0,024m_muestra24_20_20260708_182849_003_start_73.npz,1020.0,1.9280814991798252,0.0029411764705882353,97.83160631352078
24.0,024m_muestra24_20_20260708_182849_004_start_74.npz,1020.0,1.8733692389796488,0.0029411764705882353,99.54981301066215
24.0,024m_muestra24_20_20260708_182849_005_start_75.npz,1020.0,1.9862175127491355,0.0029411764705882353,99.46067572223059
24.0,024m_muestra24_20_20260708_182849_006_start_76.npz,1020.0,2.0110702919773757,0.0029411764705882353,107.04847805097936
24.0,024m_muestra24_20_20260708_182849_007_start_77.npz,1020.0,2.060165299306391,0.0029411764705882353,104.1819375957318
24.0,024m_muestra24_20_20260708_182849_008_start_78.npz,1020.0,2.1498679920332506,0.0029411764705882353,104.86119226276666
24.0,024m_muestra24_20_20260708_182849_009_start_79.npz,1020.0,2.1950149712502025,0.0029411764705882353,104.80875173343932
24.0,024m_muestra24_20_20260708_182849_010_start_80.npz,1020.0,2.0945549647149164,0.0029411764705882353,101.29429402423006
24.0,024m_muestra24_20_20260708_182849_011_start_81.npz,1020.0,1.9638061055447906,0.0029411764705882353,97.36528124312427
24.0,024m_muestra24_20_20260708_182849_012_start_82.npz,1020.0,2.033939328015549,0.0029411764705882353,103.28736648706278
24.0,024m_muestra24_20_20260708_182849_013_start_83.npz,1020.0,2.221832231240114,0.0029411764705882353,108.75850247644468
24.0,024m_muestra24_20_20260708_182849_014_start_84.npz,1020.0,1.9894028266280657,0.0029411764705882353,101.37310831431616
24.0,024m_muestra24_20_20260708_182849_015_start_85.npz,1020.0,2.3335264930028643,0.0029411764705882353,106.83438687874518
24.0,024m_muestra24_20_20260708_182849_016_start_86.npz,1020.0,1.8592643455485813,0.00392156862745098,99.9142244066703
24.0,024m_muestra24_20_20260708_182849_017_start_87.npz,1020.0,1.8519210665308492,0.00392156862745098,90.76347937630288
24.0,024m_muestra24_20_20260708_182849_018_start_88.npz,1020.0,1.9007110304373782,0.0029411764705882353,101.23373163797143
24.0,024m_muestra24_20_20260708_182849_019_start_89.npz,1020.0,2.036209152371157,0.0029411764705882353,103.63992781031106
24.0,024m_muestra24_20_20260708_182849_020_start_90.npz,1020.0,1.7952728041927912,0.0029411764705882353,100.02007273212158
24.0,024m_muestra24_20_20260708_182849_021_actual.npz,1020.0,1.7952728271484375,0.0029411764705882353,100.02007214802342
24.0,024m_muestra24metros_20260703_170413_001_start_2.npz,2929.0,3.567453143245075,0.004096961420279959,107.93052993077282
24.0,024m_muestra24metros_20260703_170413_002_start_3.npz,2929.0,3.55503630352905,0.003414134516899966,109.03041095768144
24.0,024m_muestra24metros_20260703_170413_003_start_4.npz,2929.0,3.5557038755505346,0.003414134516899966,107.6014848957666
24.0,024m_muestra24metros_20260703_170413_004_start_5.npz,2929.0,3.5393388242810033,0.003414134516899966,110.97872961792662
24.0,024m_muestra24metros_20260703_170413_005_start_6.npz,2929.0,3.5306224793894216,0.003414134516899966,110.98712611207895
24.0,024m_muestra24metros_20260703_171802_001_start_2.npz,2929.0,3.567453143245075,0.004096961420279959,107.93052993077282
24.0,024m_muestra24metros_20260703_171802_002_start_3.npz,2929.0,3.55503630352905,0.003414134516899966,109.03041095768144
24.0,024m_muestra24metros_20260703_171802_003_start_4.npz,2929.0,3.5557038755505346,0.003414134516899966,107.6014848957666
24.0,024m_muestra24metros_20260703_171802_004_start_5.npz,2929.0,3.5393388242810033,0.003414134516899966,110.97872961792662
24.0,024m_muestra24metros_20260703_171802_005_start_6.npz,2929.0,3.5306224793894216,0.003414134516899966,110.98712611207895
24.0,024m_muestra24metros_20260703_171802_006_start_7.npz,2929.0,3.5654981107800268,0.003414134516899966,108.75278196776814
24.0,024m_muestra24metros_20260703_171802_007_start_8.npz,2929.0,3.5692269774735905,0.0030727210652099694,111.248582541591
24.0,024m_muestra24metros_20260703_171802_008_start_9.npz,2929.0,3.565488614141941,0.0030727210652099694,111.28459599882835
24.0,024m_muestra24metros_20260703_171802_009_start_10.npz,2929.0,3.562913694884628,0.003414134516899966,110.92132528397515
24.0,024m_muestra24metros_20260703_171802_010_actual.npz,2929.0,3.562913653324358,0.003414134516899966,110.92132409235381
26.0,026m_muestra26_23_20260708_181638_001_start_48.npz,1020.0,2.1626853924244642,0.00392156862745098,101.51544072717843
26.0,026m_muestra26_23_20260708_181638_002_start_49.npz,1020.0,2.0270920806215145,0.0029411764705882353,98.38266193163776
26.0,026m_muestra26_23_20260708_181638_003_start_50.npz,1020.0,2.077617583447136,0.00392156862745098,99.30519730072449
26.0,026m_muestra26_23_20260708_181638_004_start_51.npz,1020.0,1.730880758492276,0.00392156862745098,87.93891986562046
26.0,026m_muestra26_23_20260708_181638_005_start_52.npz,1020.0,1.9793891429435462,0.0029411764705882353,99.87502004341337
26.0,026m_muestra26_23_20260708_181638_006_start_53.npz,1020.0,1.9624138134531677,0.00392156862745098,99.57200443312625
26.0,026m_muestra26_23_20260708_181638_007_start_54.npz,1020.0,1.8853759474586695,0.0029411764705882353,97.85836391201829
26.0,026m_muestra26_23_20260708_181638_008_start_55.npz,1020.0,1.9568443801254034,0.0029411764705882353,103.79637717023107
26.0,026m_muestra26_23_20260708_181638_009_start_56.npz,1020.0,1.7173958107596263,0.00392156862745098,89.47318954019195
26.0,026m_muestra26_23_20260708_181638_010_start_57.npz,1020.0,1.6547966153593734,0.00392156862745098,97.34255406898887
26.0,026m_muestra26_23_20260708_181638_011_start_58.npz,1020.0,1.7881011768622557,0.0029411764705882353,98.81574011597368
26.0,026m_muestra26_23_20260708_181638_012_start_59.npz,1020.0,1.8074226608732715,0.0029411764705882353,98.91870984226165
26.0,026m_muestra26_23_20260708_181638_013_start_60.npz,1020.0,1.8328475430607796,0.0029411764705882353,99.85003004712915
26.0,026m_muestra26_23_20260708_181638_014_start_61.npz,1020.0,1.9112205724231899,0.00392156862745098,98.54076014019405
26.0,026m_muestra26_23_20260708_181638_015_start_62.npz,1020.0,1.9808578747324646,0.0029411764705882353,100.17202677014978
26.0,026m_muestra26_23_20260708_181638_016_start_63.npz,1020.0,2.0004844330251217,0.0029411764705882353,101.46823663882631
26.0,026m_muestra26_23_20260708_181638_017_start_64.npz,1020.0,1.69858934963122,0.0029411764705882353,98.3856543075949
26.0,026m_muestra26_23_20260708_181638_018_start_65.npz,1020.0,1.7450523721054196,0.0029411764705882353,99.64245423550715
26.0,026m_muestra26_23_20260708_181638_019_start_66.npz,1020.0,1.7400168888270855,0.0029411764705882353,100.31379734338344
26.0,026m_muestra26_23_20260708_181638_020_start_67.npz,1020.0,1.8060493831289932,0.0029411764705882353,96.46365576315331
26.0,026m_muestra26_23_20260708_181638_021_start_68.npz,1020.0,1.853942843619734,0.00392156862745098,102.76092127416757
26.0,026m_muestra26_23_20260708_181638_022_start_69.npz,1020.0,1.871547744027339,0.0029411764705882353,99.70715359705171
26.0,026m_muestra26_23_20260708_181638_023_start_70.npz,1020.0,1.7589187705889344,0.0029411764705882353,98.50237579185756
26.0,026m_muestra26_23_20260708_181638_024_actual.npz,1020.0,1.7589187622070312,0.0029411764705882353,98.50237602420714
26.0,026m_muestra26_9_20260708_172355_010_actual.npz,1020.0,1.7173957824707031,0.00392156862745098,89.47318946481347
26.0,026m_muestras26metros_20260703_163049_001_start_1.npz,2929.0,3.5390527219860815,0.0030727210652099694,111.28940341463131
26.0,026m_muestras26metros_20260703_163049_002_start_2.npz,2929.0,3.528285977372434,0.0030727210652099694,112.4635903192275
26.0,026m_muestras26metros_20260703_163049_003_start_3.npz,2929.0,3.5383851984515786,0.0030727210652099694,112.92061771338994
26.0,026m_muestras26metros_20260703_163049_004_start_4.npz,2929.0,3.5348376082256436,0.0027313076135199728,114.65001817028767
26.0,026m_muestras26metros_20260703_163049_005_start_5.npz,2929.0,3.531575993169099,0.0030727210652099694,111.98675494381699
26.0,026m_muestras26metros_20260703_163049_006_start_6.npz,2929.0,3.5297830435447395,0.004096961420279959,108.00197462514484
26.0,026m_muestras26metros_20260703_163049_007_start_7.npz,2929.0,3.52909646066837,0.0030727210652099694,113.8680798729829
26.0,026m_muestras26metros_20260703_163049_008_start_8.npz,2929.0,3.5238512973301113,0.0030727210652099694,113.89126237914704
26.0,026m_muestras26metros_20260703_163049_009_start_9.npz,2929.0,3.5273988428525627,0.0037555479685899623,107.45287062776228
26.0,026m_muestras26metros_20260703_163049_010_actual.npz,2929.0,3.5273990603745915,0.0037555479685899623,107.45286868211495
28.0,028m_muestra28_22_20260708_171432_001_start_24.npz,1020.0,1.7914199581719004,0.0029411764705882353,99.73975149699967
28.0,028m_muestra28_22_20260708_171432_002_start_25.npz,1020.0,1.8282699099509045,0.0029411764705882353,98.72941425825564
28.0,028m_muestra28_22_20260708_171432_003_start_26.npz,1020.0,1.7300033507635817,0.0029411764705882353,97.18809727904947
28.0,028m_muestra28_22_20260708_171432_004_start_27.npz,1020.0,1.4992809737450443,0.00392156862745098,86.27725723231197
28.0,028m_muestra28_22_20260708_171432_005_start_28.npz,1020.0,1.918468419695273,0.0029411764705882353,97.55245910068479
28.0,028m_muestra28_22_20260708_171432_006_start_29.npz,1020.0,1.8641853455919772,0.00392156862745098,96.70249394263203
28.0,028m_muestra28_22_20260708_171432_007_start_30.npz,1020.0,1.8638229325879365,0.0029411764705882353,99.33464971188658
28.0,028m_muestra28_22_20260708_171432_008_start_31.npz,1020.0,2.0060158658889122,0.0029411764705882353,96.59718930646542
28.0,028m_muestra28_22_20260708_171432_009_start_32.npz,1020.0,2.088451502029784,0.0029411764705882353,97.94919649579644
28.0,028m_muestra28_22_20260708_171432_010_start_33.npz,1020.0,1.928329466842115,0.0029411764705882353,99.74930835315784
28.0,028m_muestra28_22_20260708_171432_011_start_34.npz,1020.0,1.8722534029511735,0.00392156862745098,99.95410140407934
28.0,028m_muestra28_22_20260708_171432_012_start_35.npz,1020.0,1.9854736716952175,0.00392156862745098,104.45969568490823
28.0,028m_muestra28_22_20260708_171432_013_start_36.npz,1020.0,2.0179749312228523,0.0029411764705882353,102.06097060394285
28.0,028m_muestra28_22_20260708_171432_014_start_37.npz,1020.0,1.9294643322355114,0.0029411764705882353,91.91246041196337
28.0,028m_muestra28_22_20260708_171432_015_start_38.npz,1020.0,1.9339942464139313,0.0029411764705882353,96.49236640204455
28.0,028m_muestra28_22_20260708_171432_016_start_39.npz,1020.0,2.030448865843937,0.00392156862745098,100.37806599033175
28.0,028m_muestra28_22_20260708_171432_017_start_40.npz,1020.0,1.869735737098381,0.0029411764705882353,97.91194201124063
28.0,028m_muestra28_22_20260708_171432_018_start_43.npz,1020.0,1.7662430258933455,0.0029411764705882353,95.9662193126505
28.0,028m_muestra28_22_20260708_171432_019_start_44.npz,1020.0,1.8069267290411517,0.0029411764705882353,99.34258737764857
28.0,028m_muestra28_22_20260708_171432_020_start_45.npz,1020.0,1.6540336608886719,0.00392156862745098,95.17908188584126
28.0,028m_muestra28_22_20260708_171432_021_start_46.npz,1020.0,1.9977569818729535,0.0029411764705882353,100.7257894585734
28.0,028m_muestra28_22_20260708_171432_022_start_47.npz,1020.0,1.7361927517922595,0.00392156862745098,94.83356130040343
28.0,028m_muestra28_22_20260708_171432_023_actual.npz,1020.0,1.7361927032470703,0.00392156862745098,94.8335599816094
28.0,028m_muestras28metros_20260703_161825_001_start_1.npz,2929.0,3.515954968286678,0.0030727210652099694,114.06794376913167
28.0,028m_muestras28metros_20260703_161825_002_start_2.npz,2929.0,3.4533750981790945,0.0030727210652099694,112.09150320301997
28.0,028m_muestras28metros_20260703_161825_003_start_3.npz,2929.0,3.455520865332801,0.003414134516899966,109.35668554740477
28.0,028m_muestras28metros_20260703_161825_004_start_4.npz,2929.0,3.4345114202587865,0.0027313076135199728,112.36413296747735
28.0,028m_muestras28metros_20260703_161825_005_start_5.npz,2929.0,3.4259664983837865,0.0030727210652099694,111.57076894554906
28.0,028m_muestras28metros_20260703_161825_006_start_7.npz,2929.0,3.4222471684915945,0.0030727210652099694,112.35216654016301
28.0,028m_muestras28metros_20260703_161825_007_start_8.npz,2929.0,3.415189978608396,0.003414134516899966,111.33806713764118
30.0,030m_muestra30_22_20260708_163402_001_start_1.npz,1020.0,2.2173690795898438,0.0029411764705882353,110.33631686027887
30.0,030m_muestra30_22_20260708_163402_002_start_2.npz,1020.0,1.8773078777157934,0.0029411764705882353,101.55663656167225
30.0,030m_muestra30_22_20260708_163402_003_start_3.npz,1020.0,1.6268730454903562,0.00392156862745098,85.85317559835215
30.0,030m_muestra30_22_20260708_163402_004_start_4.npz,1020.0,2.3066712396976072,0.0029411764705882353,107.63631674096303
30.0,030m_muestra30_22_20260708_163402_005_start_5.npz,1020.0,2.2767638630321017,0.0029411764705882353,105.85821336262828
30.0,030m_muestra30_22_20260708_163402_006_start_6.npz,1020.0,2.2308540450176224,0.0029411764705882353,99.95874879455441
30.0,030m_muestra30_22_20260708_163402_007_start_7.npz,1020.0,2.0662498226884054,0.00392156862745098,103.60145791628257
30.0,030m_muestra30_22_20260708_163402_008_start_8.npz,1020.0,1.8222617926367093,0.00392156862745098,94.06401779365822
30.0,030m_muestra30_22_20260708_163402_009_start_9.npz,1020.0,2.0355416439124383,0.00392156862745098,100.12694232347805
30.0,030m_muestra30_22_20260708_163402_010_start_10.npz,1020.0,1.9770240854122676,0.0029411764705882353,102.40228071460986
30.0,030m_muestra30_22_20260708_163402_011_start_11.npz,1020.0,2.0595550518482924,0.00392156862745098,101.69144962702559
30.0,030m_muestra30_22_20260708_163402_012_start_12.npz,1020.0,1.495609327685088,0.0029411764705882353,101.0193727714838
30.0,030m_muestra30_22_20260708_163402_013_start_13.npz,1020.0,1.0816955407499336,0.00392156862745098,70.11571504099754
30.0,030m_muestra30_22_20260708_163402_014_start_14.npz,1020.0,1.871414200461004,0.0029411764705882353,99.51364694116194
30.0,030m_muestra30_22_20260708_163402_015_start_15.npz,1020.0,1.7374706075061113,0.00392156862745098,94.15299577048648
30.0,030m_muestra30_22_20260708_163402_016_start_16.npz,1020.0,1.7175483853789046,0.00392156862745098,96.4966291572441
30.0,030m_muestra30_22_20260708_163402_017_start_17.npz,1020.0,1.7452049008134054,0.0029411764705882353,94.49345924378157
30.0,030m_muestra30_22_20260708_163402_018_start_18.npz,1020.0,1.751289322739467,0.00392156862745098,91.78198162177097
30.0,030m_muestra30_22_20260708_163402_019_start_19.npz,1020.0,1.67472839448601,0.00392156862745098,96.89395362045428
30.0,030m_muestra30_22_20260708_163402_020_start_20.npz,1020.0,1.7793655836721882,0.0029411764705882353,95.74994979216348
30.0,030m_muestra30_22_20260708_163402_021_start_21.npz,1020.0,1.8076896976563148,0.0029411764705882353,97.39295230271557
30.0,030m_muestra30_22_20260708_163402_022_start_22.npz,1020.0,1.587352776521584,0.00392156862745098,91.34145735512102
30.0,030m_muestra30_22_20260708_163402_023_start_23.npz,1020.0,1.6715049982012715,0.0029411764705882353,93.56758555477874
30.0,030m_muestra30_22_20260708_163402_024_actual.npz,1020.0,1.6715049743652344,0.0029411764705882353,93.5675854822408
30.0,030m_muestras26metros_20260703_163049_001_start_1.npz,2929.0,3.5390527219860815,0.0030727210652099694,111.28940341463131
30.0,030m_muestras26metros_20260703_163049_002_start_2.npz,2929.0,3.528285977372434,0.0030727210652099694,112.4635903192275
30.0,030m_muestras26metros_20260703_163049_003_start_3.npz,2929.0,3.5383851984515786,0.0030727210652099694,112.92061771338994
30.0,030m_muestras26metros_20260703_163049_004_start_4.npz,2929.0,3.5348376082256436,0.0027313076135199728,114.65001817028767
30.0,030m_muestras26metros_20260703_163049_005_start_5.npz,2929.0,3.531575993169099,0.0030727210652099694,111.98675494381699
30.0,030m_muestras26metros_20260703_163049_006_start_6.npz,2929.0,3.5297830435447395,0.004096961420279959,108.00197462514484
30.0,030m_muestras26metros_20260703_163049_007_start_7.npz,2929.0,3.52909646066837,0.0030727210652099694,113.8680798729829
30.0,030m_muestras26metros_20260703_163049_008_start_8.npz,2929.0,3.5238512973301113,0.0030727210652099694,113.89126237914704
30.0,030m_muestras26metros_20260703_163049_009_start_9.npz,2929.0,3.5273988428525627,0.0037555479685899623,107.45287062776228
30.0,030m_muestras26metros_20260703_163049_010_actual.npz,2929.0,3.5273990603745915,0.0037555479685899623,107.45286868211495
30.0,030m_muestras28metros_20260703_161825_001_start_1.npz,2929.0,3.515954968286678,0.0030727210652099694,114.06794376913167
30.0,030m_muestras28metros_20260703_161825_002_start_2.npz,2929.0,3.4533750981790945,0.0030727210652099694,112.09150320301997
30.0,030m_muestras28metros_20260703_161825_003_start_3.npz,2929.0,3.455520865332801,0.003414134516899966,109.35668554740477
30.0,030m_muestras28metros_20260703_161825_004_start_4.npz,2929.0,3.4345114202587865,0.0027313076135199728,112.36413296747735
30.0,030m_muestras28metros_20260703_161825_005_start_5.npz,2929.0,3.4259664983837865,0.0030727210652099694,111.57076894554906
30.0,030m_muestras28metros_20260703_161825_006_start_7.npz,2929.0,3.4222471684915945,0.0030727210652099694,112.35216654016301
30.0,030m_muestras28metros_20260703_161825_007_start_8.npz,2929.0,3.415189978608396,0.003414134516899966,111.33806713764118
30.0,030m_muestras34metros_20260703_155153_001_start_1.npz,2929.0,3.4890804975293577,0.0027313076135199728,117.53983326544174
30.0,030m_muestras34metros_20260703_155153_002_start_2.npz,2929.0,3.4870396545156837,0.0030727210652099694,114.15488198038031
30.0,030m_muestras34metros_20260703_155153_003_start_3.npz,2929.0,3.468652946583461,0.0030727210652099694,114.48512936979296
30.0,030m_muestras34metros_20260703_155153_004_start_4.npz,2929.0,3.4835682045668364,0.0030727210652099694,113.13624279452961
30.0,030m_muestras34metros_20260703_155153_005_start_5.npz,2929.0,3.4836922630202025,0.0030727210652099694,113.2328669783878
30.0,030m_muestras34metros_20260703_155153_006_start_6.npz,2929.0,3.4841595265315846,0.0030727210652099694,113.54717690201207
30.0,030m_muestras34metros_20260703_155153_007_actual.npz,2929.0,3.484159466752317,0.0030727210652099694,113.54717687670852
32.0,032m_muestra32_20_20260707_192628_001_start_20.npz,1020.0,3.6269950848072767,0.00980392156862745,100.10881296171154
32.0,032m_muestra32_20_20260707_192628_002_start_21.npz,1020.0,3.625373753835447,0.006862745098039216,94.52923852535757
32.0,032m_muestra32_20_20260707_192628_003_start_22.npz,1020.0,3.625278363353573,0.00784313725490196,90.54102875654341
32.0,032m_muestra32_20_20260707_192628_004_start_23.npz,1020.0,3.6153410929255188,0.0058823529411764705,93.54722093014195
32.0,032m_muestra32_20_20260707_192628_005_start_24.npz,1020.0,3.607406656839885,0.006862745098039216,93.72818083855242
32.0,032m_muestra32_20_20260707_192628_006_start_25.npz,1020.0,3.605833016568795,0.00784313725490196,91.3788972823785
32.0,032m_muestra32_20_20260707_192628_007_start_26.npz,1020.0,3.6109543200582266,0.00784313725490196,88.60498325660231
32.0,032m_muestra32_20_20260707_192628_008_start_27.npz,1020.0,3.6061668078182265,0.00784313725490196,92.14792460187796
32.0,032m_muestra32_20_20260707_192628_009_start_28.npz,1020.0,3.593730831053108,0.006862745098039216,93.98216365382439
32.0,032m_muestra32_20_20260707_192628_010_start_29.npz,1020.0,3.5951233403757215,0.006862745098039216,95.98143080517674
32.0,032m_muestra32_20_20260707_192628_011_start_30.npz,1020.0,3.598775757709518,0.00784313725490196,90.67894596624002
32.0,032m_muestra32_20_20260707_192628_012_start_31.npz,1020.0,3.5854910673806444,0.006862745098039216,98.35257942780552
32.0,032m_muestra32_20_20260707_192628_013_start_32.npz,1020.0,3.589954363880679,0.006862745098039216,94.7385537668159
32.0,032m_muestra32_20_20260707_192628_014_start_33.npz,1020.0,3.6063194593880326,0.006862745098039216,92.66341928009119
32.0,032m_muestra32_20_20260707_192628_015_start_34.npz,1020.0,3.606128712068312,0.006862745098039216,97.70561055632552
32.0,032m_muestra32_20_20260707_192628_016_start_35.npz,1020.0,3.595256798347691,0.0058823529411764705,97.56143064174391
32.0,032m_muestra32_20_20260707_192628_017_start_36.npz,1020.0,3.5839652167633176,0.006862745098039216,92.1027101405231
32.0,032m_muestra32_20_20260707_192628_018_start_37.npz,1020.0,3.599529276951216,0.0058823529411764705,93.81461798987361
32.0,032m_muestra32_20_20260707_192628_019_start_38.npz,1020.0,3.6005973869469017,0.0058823529411764705,96.98148006896504
32.0,032m_muestra32_20_20260707_192628_020_start_39.npz,1020.0,3.604669475578703,0.006862745098039216,95.88129988497005
32.0,032m_muestra32_20_20260707_192628_021_actual.npz,1020.0,3.6046695709228516,0.006862745098039216,95.88130025745862
32.0,032m_muestras32metros_20260703_155849_001_start_7.npz,2929.0,3.471399377565831,0.0027313076135199728,113.49529930499769
32.0,032m_muestras32metros_20260703_155849_002_start_8.npz,2929.0,3.467718246858567,0.0030727210652099694,113.16502374978768
32.0,032m_muestras32metros_20260703_155849_003_start_9.npz,2929.0,3.4734783824533224,0.0030727210652099694,111.89936117357
32.0,032m_muestras32metros_20260703_155849_004_start_10.npz,2929.0,3.480669014621526,0.0030727210652099694,112.60475082864589
32.0,032m_muestras32metros_20260703_155849_005_start_11.npz,2929.0,3.4878597506321967,0.0030727210652099694,111.81412227282742
32.0,032m_muestras32metros_20260703_155849_006_start_12.npz,2929.0,3.484540914185345,0.003414134516899966,108.66555283804216
32.0,032m_muestras32metros_20260703_155849_007_start_13.npz,2929.0,3.473201955668628,0.0030727210652099694,111.6840233011988
32.0,032m_muestras32metros_20260703_155849_008_start_14.npz,2929.0,3.4709417559206486,0.0030727210652099694,111.71531850672864
32.0,032m_muestras32metros_20260703_155849_009_actual.npz,2929.0,3.4709415406687185,0.0030727210652099694,111.71531840589192
32.0,032m_muestras34metros_20260703_155153_001_start_1.npz,2929.0,3.4890804975293577,0.0027313076135199728,117.53983326544174
32.0,032m_muestras34metros_20260703_155153_002_start_2.npz,2929.0,3.4870396545156837,0.0030727210652099694,114.15488198038031
32.0,032m_muestras34metros_20260703_155153_003_start_3.npz,2929.0,3.468652946583461,0.0030727210652099694,114.48512936979296
34.0,034m_muestra34_16_20260707_191347_001_start_2.npz,1020.0,3.6229324340820312,0.006862745098039216,98.31095562606636
34.0,034m_muestra34_16_20260707_191347_003_start_4.npz,1020.0,3.618087853305042,0.006862745098039216,97.81152780676345
34.0,034m_muestra34_16_20260707_191347_004_start_5.npz,1020.0,3.62052921182476,0.0058823529411764705,94.29869835828433
34.0,034m_muestra34_16_20260707_191347_005_start_6.npz,1020.0,3.616008876822889,0.006862745098039216,96.07310565790085
34.0,034m_muestra34_16_20260707_191347_006_start_7.npz,1020.0,3.6123083839192986,0.006862745098039216,98.1796594275995
34.0,034m_muestra34_16_20260707_191347_007_start_8.npz,1020.0,3.61331949592568,0.006862745098039216,98.54897507800811
34.0,034m_muestra34_16_20260707_191347_008_start_9.npz,1020.0,3.6121558137238026,0.006862745098039216,97.33857325215082
34.0,034m_muestra34_16_20260707_191347_009_start_11.npz,1020.0,3.6192703529959545,0.0058823529411764705,94.12126813003933
34.0,034m_muestra34_16_20260707_191347_010_start_12.npz,1020.0,3.621101490687579,0.0058823529411764705,92.80941656099293
34.0,034m_muestra34_16_20260707_191347_011_start_13.npz,1020.0,3.618564522708766,0.006862745098039216,93.74089206578542
34.0,034m_muestra34_16_20260707_191347_012_start_14.npz,1020.0,3.6227894271723926,0.0058823529411764705,92.8050547341145
34.0,034m_muestra34_16_20260707_191347_013_start_16.npz,1020.0,3.6289978520944715,0.00784313725490196,91.63471456847812
34.0,034m_muestra34_16_20260707_191347_014_start_17.npz,1020.0,3.6205483083613217,0.006862745098039216,96.68227438905657
34.0,034m_muestra34_16_20260707_191347_015_start_18.npz,1020.0,3.625564536312595,0.006862745098039216,97.95916457009552
34.0,034m_muestra34_16_20260707_191347_016_start_19.npz,1020.0,3.6283873417414725,0.006862745098039216,94.50104587786237
34.0,034m_muestra34_16_20260707_191347_017_actual.npz,1020.0,3.628387451171875,0.006862745098039216,94.50104643617405
34.0,034m_muestra34_20260703_122710_001_start_1.npz,2929.0,3.4897861443459988,0.0027313076135199728,117.54230308647296
34.0,034m_muestra34_20260703_122710_002_start_2.npz,2929.0,3.587480115238577,0.0030727210652099694,115.66277911237566
34.0,034m_muestra34_20260703_122710_003_start_3.npz,2929.0,3.63951251283288,0.0027313076135199728,116.50600141382272
34.0,034m_muestra34_20260703_122710_004_start_4.npz,2929.0,3.645291683729738,0.0027313076135199728,116.91661094719665
34.0,034m_muestra34_20260703_122710_005_start_5.npz,2929.0,3.645291683729738,0.0027313076135199728,116.91661094719665
34.0,034m_muestra34_20260703_122710_006_start_6.npz,2929.0,3.635383041924797,0.0027313076135199728,117.94774974293516
34.0,034m_muestra34_20260703_122710_007_start_7.npz,2929.0,3.646207181736827,0.0030727210652099694,114.36174603219524
34.0,034m_muestra34_20260703_122710_008_actual.npz,2929.0,3.6462073295842856,0.0030727210652099694,114.3617458987799
34.0,034m_muestra34_20260703_123919_001_start_1.npz,2929.0,3.4897861443459988,0.0027313076135199728,117.54230308647296
34.0,034m_muestra34_20260703_123919_002_start_2.npz,2929.0,3.587480115238577,0.0030727210652099694,115.66277911237566
34.0,034m_muestra34_20260703_123919_003_start_3.npz,2929.0,3.63951251283288,0.0027313076135199728,116.50600141382272
34.0,034m_muestra34_20260703_123919_004_start_4.npz,2929.0,3.645291683729738,0.0027313076135199728,116.91661094719665
34.0,034m_muestra34_20260703_123919_005_start_5.npz,2929.0,3.645291683729738,0.0027313076135199728,116.91661094719665
34.0,034m_muestra34_20260703_123919_006_start_6.npz,2929.0,3.635383041924797,0.0027313076135199728,117.94774974293516
34.0,034m_muestra34_20260703_123919_007_start_7.npz,2929.0,3.646207181736827,0.0030727210652099694,114.36174603219524
34.0,034m_muestra34_20260703_123919_008_start_8.npz,2929.0,3.7392664551734924,0.010583817002389894,108.5466565408086
34.0,034m_muestra34_20260703_123919_009_actual.npz,2929.0,3.7392663925420493,0.010583817002389894,108.54665757541126
34.0,034m_muestra34_4_20260707_190144_001_start_35.npz,1020.0,2.5305176858673804,0.0029411764705882353,109.41155482714764
34.0,034m_muestra34_4_20260707_190144_002_start_36.npz,1020.0,2.3673629284021445,0.0029411764705882353,109.03327058422829
34.0,034m_muestra34_4_20260707_190144_003_start_37.npz,1020.0,2.612953187781386,0.00196078431372549,112.14988174555438
34.0,034m_muestra34_4_20260707_190144_004_start_38.npz,1020.0,2.423076627892442,0.0029411764705882353,102.99563893934938
34.0,034m_muestras34metros_20260703_155153_004_start_4.npz,2929.0,3.4835682045668364,0.0030727210652099694,113.13624279452961
34.0,034m_muestras34metros_20260703_155153_005_start_5.npz,2929.0,3.4836922630202025,0.0030727210652099694,113.2328669783878
34.0,034m_muestras34metros_20260703_155153_006_start_6.npz,2929.0,3.4841595265315846,0.0030727210652099694,113.54717690201207
34.0,034m_muestras34metros_20260703_155153_007_actual.npz,2929.0,3.484159466752317,0.0030727210652099694,113.54717687670852
36.0,036m_muestra36_20260703_120946_001_start_1.npz,2929.0,3.5133991212933324,0.0027313076135199728,117.60918363386557
36.0,036m_muestra36_20260703_120946_002_start_2.npz,2929.0,3.5596806973335333,0.0030727210652099694,114.1422087363024
36.0,036m_muestra36_20260703_120946_003_start_3.npz,2929.0,3.492666241771076,0.0027313076135199728,114.40720963049283
36.0,036m_muestra36_20260703_120946_004_start_4.npz,2929.0,3.5039195985882543,0.0030727210652099694,113.74513417782141
36.0,036m_muestra36_20260703_120946_005_start_5.npz,2929.0,3.487268445023801,0.0027313076135199728,113.47628070721667
36.0,036m_muestra36_21_20260707_185558_001_start_13.npz,1020.0,2.4301146613433957,0.0029411764705882353,108.95272829696101
36.0,036m_muestra36_21_20260707_185558_002_start_14.npz,1020.0,2.3838805887498893,0.0029411764705882353,103.64796783915679
36.0,036m_muestra36_21_20260707_185558_003_start_16.npz,1020.0,2.829513431468513,0.0029411764705882353,115.2798378664062
36.0,036m_muestra36_21_20260707_185558_004_start_17.npz,1020.0,2.607078587578144,0.0029411764705882353,108.81085249336816
36.0,036m_muestra36_21_20260707_185558_005_start_18.npz,1020.0,2.3321532426052727,0.0029411764705882353,106.9942349310269
36.0,036m_muestra36_21_20260707_185558_006_start_19.npz,1020.0,2.7408218383789062,0.0029411764705882353,110.17426721122762
36.0,036m_muestra36_21_20260707_185558_007_start_20.npz,1020.0,2.1843528359313495,0.00392156862745098,106.47037253659774
36.0,036m_muestra36_21_20260707_185558_008_start_21.npz,1020.0,2.502365165288211,0.0029411764705882353,108.98837234767795
36.0,036m_muestra36_21_20260707_185558_009_start_22.npz,1020.0,3.031825961021241,0.0029411764705882353,113.08252228695248
36.0,036m_muestra36_21_20260707_185558_011_start_24.npz,1020.0,2.8633117940626107,0.0029411764705882353,114.13020697735048
36.0,036m_muestra36_21_20260707_185558_012_start_25.npz,1020.0,2.830142881255597,0.0029411764705882353,112.3205825694299
36.0,036m_muestra36_21_20260707_185558_013_start_26.npz,1020.0,2.784261609893292,0.0029411764705882353,113.0685184378849
36.0,036m_muestra36_21_20260707_185558_014_start_27.npz,1020.0,2.548675556536182,0.0029411764705882353,107.09884941198575
36.0,036m_muestra36_21_20260707_185558_015_start_28.npz,1020.0,2.726955450954847,0.00196078431372549,111.8948636936642
36.0,036m_muestra36_21_20260707_185558_016_start_29.npz,1020.0,2.977199563290924,0.0029411764705882353,111.42635369459008
36.0,036m_muestra36_21_20260707_185558_017_start_30.npz,1020.0,2.3075008268933743,0.0029411764705882353,102.05385843776841
36.0,036m_muestra36_21_20260707_185558_018_start_31.npz,1020.0,2.8536033612908795,0.0029411764705882353,111.70692297970176
36.0,036m_muestra36_21_20260707_185558_019_start_32.npz,1020.0,2.6714134322246537,0.0029411764705882353,109.89161197892533
36.0,036m_muestra36_21_20260707_185558_020_start_33.npz,1020.0,2.8925131779978983,0.0029411764705882353,113.43432469852654
36.0,036m_muestra36_21_20260707_185558_021_start_34.npz,1020.0,2.8850935794762336,0.0029411764705882353,110.63505101939283
36.0,036m_muestra36_21_20260707_185558_022_actual.npz,1020.0,2.8850936889648438,0.0029411764705882353,110.63505205282459
38.0,038m_muestra38_12_20260707_183234_001_start_56.npz,1020.0,2.288856421597302,0.0029411764705882353,103.00466793770022
38.0,038m_muestra38_12_20260707_183234_002_start_57.npz,1020.0,2.1595383185194805,0.0029411764705882353,97.67905906525205
38.0,038m_muestra38_12_20260707_183234_003_start_58.npz,1020.0,2.492923703044653,0.004901960784313725,121.54516825481824
38.0,038m_muestra38_12_20260707_183234_004_start_59.npz,1020.0,2.2249222649552394,0.0029411764705882353,104.22693473802677
38.0,038m_muestra38_12_20260707_183234_005_start_60.npz,1020.0,2.5406456399941817,0.0029411764705882353,108.61024505753693
38.0,038m_muestra38_12_20260707_183234_006_start_61.npz,1020.0,2.0852852697717026,0.0029411764705882353,102.92763478115651
38.0,038m_muestra38_12_20260707_183234_007_start_62.npz,1020.0,2.555580029671546,0.0029411764705882353,108.32604245275046
38.0,038m_muestra38_12_20260707_183234_008_start_63.npz,1020.0,2.0611764130881056,0.0029411764705882353,93.10884597155503
38.0,038m_muestra38_12_20260707_183234_009_start_64.npz,1020.0,2.5743865666590864,0.0029411764705882353,109.25855253160326
38.0,038m_muestra38_12_20260707_183234_010_start_65.npz,1020.0,2.7326583438552916,0.0029411764705882353,109.49379339594141
38.0,038m_muestra38_12_20260707_183234_011_start_66.npz,1020.0,2.2280884636566043,0.00392156862745098,100.76231402304855
38.0,038m_muestra38_12_20260707_183234_012_start_67.npz,1020.0,2.5563050092896447,0.004901960784313725,109.21625902710413
38.0,038m_muestra38_9_20260707_183934_001_start_4.npz,1020.0,2.497577631904278,0.0029411764705882353,111.09983258781415
38.0,038m_muestra38_9_20260707_183934_002_start_5.npz,1020.0,2.056007413484622,0.00392156862745098,94.51541628735892
38.0,038m_muestra38_9_20260707_183934_003_start_6.npz,1020.0,2.025108293222729,0.00392156862745098,89.45814487686873
38.0,038m_muestra38_9_20260707_183934_004_start_7.npz,1020.0,3.3818053863942623,0.004901960784313725,132.7681251110479
38.0,038m_muestra38_9_20260707_183934_005_start_8.npz,1020.0,2.4485778048983775,0.00392156862745098,104.520603826466
38.0,038m_muestra38_9_20260707_183934_006_start_9.npz,1020.0,2.475337998068426,0.0029411764705882353,108.21780057232891
38.0,038m_muestra38_9_20260707_183934_007_start_10.npz,1020.0,2.527942736982368,0.0029411764705882353,110.44116643743489
38.0,038m_muestra38_9_20260707_183934_008_start_11.npz,1020.0,2.5656889827223495,0.0029411764705882353,111.44387758536915
38.0,038m_muestra38_9_20260707_183934_009_start_12.npz,1020.0,2.493267020501662,0.0029411764705882353,110.50909772998074
38.0,038m_muestra38_9_20260707_183934_010_actual.npz,1020.0,2.493267059326172,0.0029411764705882353,110.5090984628847
40.0,040m_muestra40_22_20260707_182045_001_start_34.npz,1020.0,2.4855422973632812,0.0029411764705882353,103.94616838894846
40.0,040m_muestra40_22_20260707_182045_002_start_35.npz,1020.0,2.4148941040039062,0.0029411764705882353,106.03734721190341
40.0,040m_muestra40_22_20260707_182045_003_start_36.npz,1020.0,2.5028419494628906,0.0029411764705882353,107.44572241680422
40.0,040m_muestra40_22_20260707_182045_004_start_37.npz,1020.0,2.3041534423828125,0.0029411764705882353,106.48133025069416
40.0,040m_muestra40_22_20260707_182045_005_start_38.npz,1020.0,2.9864311606506817,0.010784313725490196,90.4798380603884
40.0,040m_muestra40_22_20260707_182045_006_start_39.npz,1020.0,2.841606095957104,0.0029411764705882353,112.4793230995618
40.0,040m_muestra40_22_20260707_182045_007_start_40.npz,1020.0,1.6616439642675687,0.00392156862745098,84.83500868867839
40.0,040m_muestra40_22_20260707_182045_008_start_41.npz,1020.0,2.4746132903383113,0.0029411764705882353,106.3061924060821
40.0,040m_muestra40_22_20260707_182045_009_start_42.npz,1020.0,2.537365076248534,0.0029411764705882353,108.45136438176884
40.0,040m_muestra40_22_20260707_182045_010_start_43.npz,1020.0,2.4884987883851863,0.0029411764705882353,109.2932667564824
40.0,040m_muestra40_22_20260707_182045_011_start_44.npz,1020.0,2.511825540335849,0.0029411764705882353,108.21269067631881
40.0,040m_muestra40_22_20260707_182045_012_start_45.npz,1020.0,2.365646243968513,0.0029411764705882353,103.43757067121874
40.0,040m_muestra40_22_20260707_182045_013_start_46.npz,1020.0,2.2942638308741152,0.0029411764705882353,105.72289771454844
40.0,040m_muestra40_22_20260707_182045_014_start_47.npz,1020.0,2.1349335811682977,0.0029411764705882353,98.4178806769365
40.0,040m_muestra40_22_20260707_182045_015_start_48.npz,1020.0,2.291393327701371,0.0029411764705882353,112.15088749952793
40.0,040m_muestra40_22_20260707_182045_016_start_49.npz,1020.0,2.3094369146274403,0.011764705882352941,103.37408349242365
40.0,040m_muestra40_22_20260707_182045_017_start_50.npz,1020.0,2.0307159971562214,0.0029411764705882353,101.65431972717282
40.0,040m_muestra40_22_20260707_182045_018_start_51.npz,1020.0,2.817134742392227,0.0029411764705882353,111.95312034669757
40.0,040m_muestra40_22_20260707_182045_019_start_52.npz,1020.0,2.3990248503396288,0.0029411764705882353,109.14593961857273
40.0,040m_muestra40_22_20260707_182045_020_start_53.npz,1020.0,2.234802180726547,0.00392156862745098,105.25292854852742
40.0,040m_muestra40_22_20260707_182045_021_start_54.npz,1020.0,2.327270532536204,0.0029411764705882353,105.89790015724573
40.0,040m_muestra40_22_20260707_182045_022_start_55.npz,1020.0,2.410392821271671,0.0029411764705882353,103.93058984888557
40.0,040m_muestra40_22_20260707_182045_023_actual.npz,1020.0,2.4103927612304688,0.0029411764705882353,103.93058735637806
42.0,042m_muestra42_20_20260707_180327_001_start_14.npz,1020.0,2.261943817138672,0.0029411764705882353,106.83006663197757
42.0,042m_muestra42_20_20260707_180327_002_start_15.npz,1020.0,2.6757240295410156,0.0029411764705882353,105.73149253976885
42.0,042m_muestra42_20_20260707_180327_003_start_16.npz,1020.0,2.714672088623047,0.0029411764705882353,111.95350547850576
42.0,042m_muestra42_20_20260707_180327_004_start_17.npz,1020.0,2.7511024475097656,0.0029411764705882353,110.01863749872192
42.0,042m_muestra42_20_20260707_180327_005_start_18.npz,1020.0,2.704029083251953,0.0029411764705882353,112.76646837362298
42.0,042m_muestra42_20_20260707_180327_006_start_19.npz,1020.0,2.7902793884277344,0.00196078431372549,112.29160552868119
42.0,042m_muestra42_20_20260707_180327_007_start_20.npz,1020.0,2.6956558227539062,0.0029411764705882353,109.1065014435083
42.0,042m_muestra42_20_20260707_180327_008_start_21.npz,1020.0,2.5071144104003906,0.0029411764705882353,110.36312401463971
42.0,042m_muestra42_20_20260707_180327_009_start_22.npz,1020.0,2.551116943359375,0.021568627450980392,100.66042047290868
42.0,042m_muestra42_20_20260707_180327_010_start_23.npz,1020.0,2.2088241577148438,0.00392156862745098,97.03066295118042
42.0,042m_muestra42_20_20260707_180327_011_start_24.npz,1020.0,2.495708465576172,0.0029411764705882353,108.6381552601445
42.0,042m_muestra42_20_20260707_180327_012_start_25.npz,1020.0,2.1976661682128906,0.00392156862745098,97.07558206601703
42.0,042m_muestra42_20_20260707_180327_013_start_26.npz,1020.0,2.3614120483398438,0.0029411764705882353,101.03975183546983
42.0,042m_muestra42_20_20260707_180327_014_start_27.npz,1020.0,2.5303268432617188,0.0029411764705882353,103.45143017444211
42.0,042m_muestra42_20_20260707_180327_015_start_28.npz,1020.0,2.6253509521484375,0.0029411764705882353,109.49966115982308
42.0,042m_muestra42_20_20260707_180327_016_start_29.npz,1020.0,2.045726776123047,0.00392156862745098,98.6608514264344
42.0,042m_muestra42_20_20260707_180327_017_start_30.npz,1020.0,2.4971961975097656,0.0029411764705882353,101.48034182415408
42.0,042m_muestra42_20_20260707_180327_018_start_31.npz,1020.0,2.6183319091796875,0.0029411764705882353,107.60704122211538
42.0,042m_muestra42_20_20260707_180327_019_start_32.npz,1020.0,2.713165283203125,0.0029411764705882353,109.92886860506052
42.0,042m_muestra42_20_20260707_180327_020_start_33.npz,1020.0,2.1965408325195312,0.0029411764705882353,100.09783909154683
44.0,044m_muestra44_10_20260707_160952_001_start_1.npz,1020.0,3.589048385620117,0.03137254901960784,75.09275613762165
44.0,044m_muestra44_10_20260707_160952_002_start_2.npz,1020.0,3.5055923461914062,0.00980392156862745,76.5095507505313
44.0,044m_muestra44_10_20260707_160952_003_start_4.npz,1020.0,2.501697540283203,0.0029411764705882353,106.22505531551836
44.0,044m_muestra44_10_20260707_160952_004_start_5.npz,1020.0,2.9874610900878906,0.011764705882352941,102.00864146334614
44.0,044m_muestra44_10_20260707_160952_005_start_7.npz,1020.0,2.6976394653320312,0.00392156862745098,105.47907385294107
44.0,044m_muestra44_10_20260707_160952_006_start_8.npz,1020.0,2.6517200469970703,0.0029411764705882353,101.14333302348231
44.0,044m_muestra44_10_20260707_160952_007_start_9.npz,1020.0,2.618122100830078,0.0029411764705882353,103.67647070202288
44.0,044m_muestra44_10_20260707_160952_008_start_10.npz,1020.0,2.9880142211914062,0.008823529411764706,81.06609920597127
44.0,044m_muestra44_10_20260707_160952_009_start_11.npz,1020.0,2.9949378967285156,0.020588235294117647,68.89893963760494
44.0,044m_muestra44_10_20260707_160952_010_start_12.npz,1020.0,2.6674461364746094,0.0029411764705882353,103.38982831247161
44.0,044m_muestra44_10_2_20260707_174606_001_start_4.npz,1020.0,2.867717742919922,0.0029411764705882353,113.00526455541805
44.0,044m_muestra44_10_2_20260707_174606_002_start_5.npz,1020.0,2.6172828674316406,0.0029411764705882353,110.92509849202646
44.0,044m_muestra44_10_2_20260707_174606_003_start_6.npz,1020.0,2.5558853149414062,0.0029411764705882353,111.8216078986884
44.0,044m_muestra44_10_2_20260707_174606_004_start_7.npz,1020.0,2.650279998779297,0.0029411764705882353,111.43196706418728
44.0,044m_muestra44_10_2_20260707_174606_005_start_8.npz,1020.0,2.5526046752929688,0.00392156862745098,106.2297999731927
44.0,044m_muestra44_10_2_20260707_174606_006_start_9.npz,1020.0,2.7851104736328125,0.0029411764705882353,109.25794805483329
44.0,044m_muestra44_10_2_20260707_174606_007_start_10.npz,1020.0,2.7951812744140625,0.00392156862745098,117.76538345140938
44.0,044m_muestra44_10_2_20260707_174606_008_start_11.npz,1020.0,2.944812774658203,0.0029411764705882353,113.01298077484418
44.0,044m_muestra44_10_2_20260707_174606_009_start_12.npz,1020.0,2.6656627655029297,0.004901960784313725,105.60034313473074
44.0,044m_muestra44_10_2_20260707_174606_011_actual.npz,1020.0,2.5696754455566406,0.0029411764705882353,106.68259026677994
46.0,046m_muestra46_10_20260707_153102_001_start_1.npz,1020.0,3.5700416564941406,0.00392156862745098,97.41757419690774
46.0,046m_muestra46_10_20260707_153102_002_start_2.npz,1020.0,3.5618972778320312,0.0058823529411764705,94.47038751976083
46.0,046m_muestra46_10_20260707_153102_003_start_3.npz,1020.0,3.563823699951172,0.0029411764705882353,104.5677975849338
46.0,046m_muestra46_10_20260707_153102_004_start_5.npz,1020.0,3.5671043395996094,0.00392156862745098,97.775805722589
46.0,046m_muestra46_10_20260707_153102_005_start_6.npz,1020.0,3.5866832733154297,0.01568627450980392,70.29843613059023
46.0,046m_muestra46_10_20260707_153102_006_start_8.npz,1020.0,3.5969924926757812,0.024509803921568627,61.920794664306214
46.0,046m_muestra46_10_20260707_153102_007_start_10.npz,1020.0,3.614826202392578,0.03725490196078431,50.605694821897885
46.0,046m_muestra46_10_20260707_153102_008_start_11.npz,1020.0,3.5708045959472656,0.00784313725490196,67.9896896723678
46.0,046m_muestra46_10_20260707_153102_009_start_12.npz,1020.0,3.564624786376953,0.0029411764705882353,96.1262879218046
46.0,046m_muestra46_13_20260707_155233_001_start_1.npz,1020.0,3.6578941345214844,0.05784313725490196,60.58391203389648
46.0,046m_muestra46_13_20260707_155233_002_start_2.npz,1020.0,3.568572998046875,0.0058823529411764705,92.3802118210512
46.0,046m_muestra46_13_20260707_155233_003_start_3.npz,1020.0,3.697071075439453,0.10098039215686275,53.35362271918109
46.0,046m_muestra46_13_20260707_155233_004_start_4.npz,1020.0,3.587665557861328,0.011764705882352941,100.08491507123476
46.0,046m_muestra46_13_20260707_155233_005_start_6.npz,1020.0,3.6398792266845703,0.043137254901960784,56.64316968923497
46.0,046m_muestra46_13_20260707_155233_006_start_7.npz,1020.0,3.7340545654296875,0.006862745098039216,117.22686370589035
46.0,046m_muestra46_13_20260707_155233_007_start_8.npz,1020.0,3.8466453552246094,0.15,70.00354015985344
46.0,046m_muestra46_13_20260707_155233_008_start_9.npz,1020.0,3.546762466430664,0.047058823529411764,69.67939356062966
46.0,046m_muestra46_13_20260707_155233_009_start_10.npz,1020.0,3.5811901092529297,0.052941176470588235,61.74865449688624
46.0,046m_muestra46_13_20260707_155233_010_start_11.npz,1020.0,2.546405792236328,0.0029411764705882353,105.32167957108352
46.0,046m_muestra46_13_20260707_155233_011_start_12.npz,1020.0,2.574748992919922,0.0029411764705882353,107.940696198413
46.0,046m_muestra46_13_20260707_155233_012_start_13.npz,1020.0,3.5126495361328125,0.03333333333333333,81.84598235816163
46.0,046m_muestra46_13_20260707_155233_013_start_14.npz,1020.0,3.5536956787109375,0.027450980392156862,61.004262306291544
46.0,046m_muestra46_7_20260707_153953_001_start_2.npz,1020.0,3.66241455078125,0.049019607843137254,55.38226754903055
46.0,046m_muestra46_7_20260707_153953_002_start_3.npz,1020.0,3.5791969299316406,0.020588235294117647,96.15413481533557
46.0,046m_muestra46_7_20260707_153953_003_start_4.npz,1020.0,3.5956478118896484,0.004901960784313725,89.53634522506947
46.0,046m_muestra46_7_20260707_153953_004_start_5.npz,1020.0,3.6045455932617188,0.03137254901960784,69.56372121281953
46.0,046m_muestra46_7_20260707_153953_005_start_6.npz,1020.0,3.5910701751708984,0.01568627450980392,68.59416654662378
46.0,046m_muestra46_7_20260707_153953_006_start_7.npz,1020.0,3.5979652404785156,0.020588235294117647,66.99929424701149
46.0,046m_muestra46_7_20260707_153953_007_start_8.npz,1020.0,3.5790443420410156,0.012745098039215686,83.72710212521238
48.0,048m_muestra48_13_20260707_150802_001_start_3.npz,1020.0,3.582639694213867,0.00392156862745098,97.9033708088057
48.0,048m_muestra48_13_20260707_150802_002_start_4.npz,1020.0,3.548297882080078,0.00392156862745098,93.51920552732487
48.0,048m_muestra48_13_20260707_150802_003_start_5.npz,1020.0,3.6260414123535156,0.004901960784313725,92.67171483897758
48.0,048m_muestra48_13_20260707_150802_004_start_6.npz,1020.0,3.5512924194335938,0.004901960784313725,93.04505170042403
48.0,048m_muestra48_13_20260707_150802_005_start_7.npz,1020.0,3.5525894165039062,0.004901960784313725,94.20301062747227
48.0,048m_muestra48_13_20260707_150802_006_start_8.npz,1020.0,3.9316749572753906,0.20294117647058824,82.0215988920515
48.0,048m_muestra48_13_20260707_150802_007_start_9.npz,1020.0,3.554706573486328,0.00392156862745098,96.22289124282514
48.0,048m_muestra48_13_20260707_150802_008_start_10.npz,1020.0,3.5662078857421875,0.004901960784313725,93.46456098460602
48.0,048m_muestra48_13_20260707_150802_009_start_11.npz,1020.0,3.567638397216797,0.0029411764705882353,96.48263139066263
48.0,048m_muestra48_13_20260707_150802_010_start_12.npz,1020.0,3.5568809509277344,0.004901960784313725,92.4907522779649
48.0,048m_muestra48_13_20260707_150802_012_start_14.npz,1020.0,3.5437774658203125,0.004901960784313725,92.10319969644418
48.0,048m_muestra48_13_20260707_150802_013_start_15.npz,1020.0,3.5494232177734375,0.00392156862745098,92.09001391036692
48.0,048m_muestra48_20260706_172234_001_actual.npz,2929.0,3.466478583344724,0.003414134516899966,103.89009433283573
48.0,048m_muestra48_20260706_172529_001_actual.npz,2929.0,3.4913120241253637,0.004438374871969956,100.09170758899758
48.0,048m_muestra48_20260706_172637_002_start_2.npz,2929.0,3.4878787965280935,0.0037555479685899623,105.17711993551863
48.0,048m_muestra48_20260706_172637_003_start_3.npz,2929.0,3.499322888383176,0.005121201775349949,98.75164123625227
48.0,048m_muestra48_20260706_172637_004_start_4.npz,2929.0,3.5666806669323705,0.007169682485489928,93.73799503497004
48.0,048m_muestra48_7_20260707_151533_001_start_3.npz,1020.0,3.5573387145996094,0.004901960784313725,95.2401563920722
48.0,048m_muestra48_7_20260707_151533_002_start_4.npz,1020.0,3.557453155517578,0.0029411764705882353,97.95044169668105
48.0,048m_muestra48_7_20260707_151533_003_start_5.npz,1020.0,3.5460472106933594,0.00392156862745098,92.49233851922104
48.0,048m_muestra48_7_20260707_151533_004_start_6.npz,1020.0,3.5514068603515625,0.004901960784313725,91.61197188226072
48.0,048m_muestra48_7_20260707_151533_005_start_7.npz,1020.0,3.5558700561523438,0.0029411764705882353,96.14335107901039
48.0,048m_muestra48_7_20260707_151533_006_start_8.npz,1020.0,3.748769760131836,0.004901960784313725,103.54869042134948
48.0,048m_muestra48_7_20260707_151533_007_start_9.npz,1020.0,3.5605430603027344,0.004901960784313725,90.84168442270835
50.0,050m_muestra50_12muestras_20260707_143831_001_start_11.npz,1020.0,3.5735131369438022,0.006862745098039216,91.19258086889401
50.0,050m_muestra50_12muestras_20260707_143831_002_start_12.npz,1020.0,3.5694312502164394,0.006862745098039216,88.8711914515488
50.0,050m_muestra50_12muestras_20260707_143831_003_start_13.npz,1020.0,3.5677910116501153,0.006862745098039216,95.4824575838143
50.0,050m_muestra50_12muestras_20260707_143831_004_start_14.npz,1020.0,3.5670280810445547,0.0058823529411764705,94.44416214569466
50.0,050m_muestra50_12muestras_20260707_143831_005_start_15.npz,1020.0,3.5656930005643517,0.0058823529411764705,94.26394952626994
50.0,050m_muestra50_12muestras_20260707_143831_006_start_16.npz,1020.0,3.567237763898447,0.006862745098039216,93.1914830492528
50.0,050m_muestra50_12muestras_20260707_143831_007_start_17.npz,1020.0,3.568935480900109,0.0058823529411764705,91.89177008557542
50.0,050m_muestra50_12muestras_20260707_143831_008_start_18.npz,1020.0,3.5674858428537846,0.006862745098039216,112.50968969817143
50.0,050m_muestra50_12muestras_20260707_143831_009_start_19.npz,1020.0,3.5670281022321433,0.00784313725490196,91.60024054783494
50.0,050m_muestra50_12muestras_20260707_143831_010_start_20.npz,1020.0,3.5655020996928215,0.004901960784313725,100.33386094674007
50.0,050m_muestra50_12muestras_20260707_143831_011_start_22.npz,1020.0,3.56292724609375,0.006862745098039216,92.0707560340518
50.0,050m_muestra50_12muestras_20260707_143831_012_start_23.npz,1020.0,3.5639572143554688,0.08333333333333333,51.03604193864713
50.0,050m_muestra50_20260706_165500_001_start_1.npz,2929.0,3.4505522221443243,0.0037555479685899623,103.78337419733433
50.0,050m_muestra50_20260706_165523_002_actual.npz,2929.0,3.4533941717236303,0.0037555479685899623,104.52393374462186
50.0,050m_muestra50_20260706_165712_001_start_1.npz,2929.0,3.45284104073653,0.0037555479685899623,104.72089503761886
50.0,050m_muestra50_20260706_165712_002_actual.npz,2929.0,3.4579908819287084,0.0037555479685899623,104.41841319345686
50.0,050m_muestra50_20260706_165813_003_start_3.npz,2929.0,3.448606726655271,0.0037555479685899623,102.01967946923864
50.0,050m_muestra50_20260706_165813_004_start_4.npz,2929.0,3.4619390937150456,0.0037555479685899623,103.34104622683289
50.0,050m_muestra50_20260706_170121_005_start_5.npz,2929.0,3.4536802739603445,0.0037555479685899623,104.05231569899422
50.0,050m_muestra50_20260706_170121_006_start_6.npz,2929.0,3.467203375825193,0.004096961420279959,101.24393703144722
50.0,050m_muestra50_20260706_170934_001_start_1.npz,2929.0,3.458153006678913,0.0037555479685899623,104.32262533447633
50.0,050m_muestra50_20260706_171000_002_start_2.npz,2929.0,3.449789282749407,0.0037555479685899623,104.46144310868361
50.0,050m_muestra50_20260706_171026_003_start_3.npz,2929.0,3.4551298591541126,0.0037555479685899623,103.99811112032732
50.0,050m_muestra50_20260706_171053_004_start_4.npz,2929.0,3.479410168598406,0.020826220553089792,98.19840479049053
50.0,050m_muestra50_20260706_171137_005_start_5.npz,2929.0,3.5049304934800602,0.004779788323659952,100.70606844020935
50.0,050m_muestra50_20260706_171801_001_start_1.npz,2929.0,3.468443152436521,0.0037555479685899623,100.89415098321575
50.0,050m_muestra50_20260706_171801_002_start_2.npz,2929.0,3.468242880771868,0.004096961420279959,99.7087475087937
50.0,050m_muestra50_20260706_171801_003_start_3.npz,2929.0,3.473306653148029,0.0037555479685899623,103.01460632228638
50.0,050m_muestra50_20260706_171801_004_start_4.npz,2929.0,3.460794684535358,0.0037555479685899623,104.14426042596374
50.0,050m_muestra50_8_20260707_144751_001_start_2.npz,1020.0,3.5698509216308594,0.006862745098039216,91.41641929233569
50.0,050m_muestra50_8_20260707_144751_002_start_3.npz,1020.0,3.565082550048828,0.12745098039215685,49.14521852737908
50.0,050m_muestra50_8_20260707_144751_003_start_4.npz,1020.0,3.5708999633789062,0.00980392156862745,103.20152688104692
50.0,050m_muestra50_8_20260707_144751_004_start_5.npz,1020.0,3.5675621032714844,0.006862745098039216,90.26332004083096
50.0,050m_muestra50_8_20260707_144751_005_start_6.npz,1020.0,3.5687255859375,0.0058823529411764705,90.17361364238482
50.0,050m_muestra50_8_20260707_144751_007_start_8.npz,1020.0,3.5687828063964844,0.006862745098039216,91.34039017884963
50.0,050m_muestra50_8_20260707_144927_009_actual.npz,1020.0,3.573455810546875,0.01764705882352941,98.46434471251303
50.0,050m_muestra50_8_20260707_144940_009_start_10.npz,1020.0,3.5718345642089844,0.01764705882352941,98.47456168975164
